length,percentage
2,3.8309254839923654e-05
3,0.02671281805132088
4,0.13378267835774985
5,0.2607147605558898
6,0.21381747217508681
7,0.15471079892824227
8,0.10170431114326084
9,0.050340614345238496
10,0.025766354108216885
11,0.015102860349245194
12,0.007923255295127739
13,0.0039638811331426885
14,0.0023796807712329047
15,0.0013858936309737086
16,0.0007278758419585494
17,0.00046647151481554093
18,0.0002523903848277323
19,0.0001352091347291423
20,7.211153852220922e-05
23,2.253485578819038e-06
